group,med_lower_error,metric,med_upper_error
crc_employee,177317.83257368233,224652.74372219876,2439184.3528072997
med_employee,70752.95066680145,72313.05513522773,125840.71482569403
